{
    "plddt": 29.514493942260742,
    "gpde": 4.579850196838379,
    "ptm": 0.1853795200586319,
    "iptm": 0.20753157138824463,
    "chain_gpde": [
        4.408211708068848,
        0.7057573199272156
    ],
    "chain_pair_gpde": [
        [
            0.0,
            10.79197883605957
        ],
        [
            10.79197883605957,
            0.0
        ]
    ],
    "chain_ptm": [
        0.1837550848722458,
        0.18303942680358887
    ],
    "chain_iptm": [
        0.20753157138824463,
        0.20753157138824463
    ],
    "chain_pair_iptm": [
        [
            0.0,
            0.20753157138824463
        ],
        [
            0.20753157138824463,
            0.0
        ]
    ],
    "chain_pair_iptm_global": [
        [
            0.0,
            0.20753157138824463
        ],
        [
            0.20753157138824463,
            0.0
        ]
    ],
    "chain_plddt": [
        0.29565390944480896,
        0.19793468713760376
    ],
    "chain_pair_plddt": [
        [
            0.0,
            0.2951449453830719
        ],
        [
            0.2951449453830719,
            0.0
        ]
    ],
    "has_clash": false,
    "disorder": 0.0,
    "ranking_score": 0.20310117304325104,
    "num_recycles": 10
}