{
    "plddt": 28.91448211669922,
    "gpde": 4.894263744354248,
    "ptm": 0.22283945977687836,
    "iptm": 0.3080092966556549,
    "chain_gpde": [
        4.664294242858887,
        0.7886983752250671,
        0.8418897986412048
    ],
    "chain_pair_gpde": [
        [
            0.0,
            11.12582015991211,
            13.341033935546875
        ],
        [
            11.12582015991211,
            0.0,
            7.663803577423096
        ],
        [
            13.341033935546875,
            7.663803577423096,
            0.0
        ]
    ],
    "chain_ptm": [
        0.2138410359621048,
        0.649848222732544,
        0.7269121408462524
    ],
    "chain_iptm": [
        0.3097347021102905,
        0.20229844748973846,
        0.192571759223938
    ],
    "chain_pair_iptm": [
        [
            0.0,
            0.3194614052772522,
            0.30000802874565125
        ],
        [
            0.3194614052772522,
            0.0,
            0.08513549715280533
        ],
        [
            0.30000802874565125,
            0.08513549715280533,
            0.0
        ]
    ],
    "chain_pair_iptm_global": [
        [
            0.0,
            0.20229844748973846,
            0.192571759223938
        ],
        [
            0.20229844748973846,
            0.0,
            0.20229844748973846
        ],
        [
            0.192571759223938,
            0.192571759223938,
            0.0
        ]
    ],
    "chain_plddt": [
        0.2899887263774872,
        0.1980997920036316,
        0.172005295753479
    ],
    "chain_pair_plddt": [
        [
            0.0,
            0.28963252902030945,
            0.2894976735115051
        ],
        [
            0.28963252902030945,
            0.0,
            0.1845865696668625
        ],
        [
            0.2894976735115051,
            0.1845865696668625,
            0.0
        ]
    ],
    "has_clash": false,
    "disorder": 0.0,
    "ranking_score": 0.29097533226013184,
    "num_recycles": 10
}