{
    "plddt": 30.216506958007812,
    "gpde": 4.393433094024658,
    "ptm": 0.21543629467487335,
    "iptm": 0.23746192455291748,
    "chain_gpde": [
        4.1924028396606445,
        0.7484007477760315
    ],
    "chain_pair_gpde": [
        [
            0.0,
            10.688169479370117
        ],
        [
            10.688169479370117,
            0.0
        ]
    ],
    "chain_ptm": [
        0.2109663188457489,
        0.32163891196250916
    ],
    "chain_iptm": [
        0.23746192455291748,
        0.23746192455291748
    ],
    "chain_pair_iptm": [
        [
            0.0,
            0.23746192455291748
        ],
        [
            0.23746192455291748,
            0.0
        ]
    ],
    "chain_pair_iptm_global": [
        [
            0.0,
            0.23746192455291748
        ],
        [
            0.23746192455291748,
            0.0
        ]
    ],
    "chain_plddt": [
        0.3027021586894989,
        0.22009745240211487
    ],
    "chain_pair_plddt": [
        [
            0.0,
            0.30216506123542786
        ],
        [
            0.30216506123542786,
            0.0
        ]
    ],
    "has_clash": false,
    "disorder": 0.0,
    "ranking_score": 0.23305679857730865,
    "num_recycles": 10
}