{
    "plddt": 90.25580596923828,
    "gpde": 0.5530250072479248,
    "ptm": 0.9394587874412537,
    "iptm": 0.9160761833190918,
    "chain_gpde": [
        0.46118447184562683,
        0.6507441401481628,
        0.6581811904907227
    ],
    "chain_pair_gpde": [
        [
            0.0,
            2.127445697784424,
            2.19551157951355
        ],
        [
            2.127445697784424,
            0.0,
            3.763622760772705
        ],
        [
            2.19551157951355,
            3.763622760772705,
            0.0
        ]
    ],
    "chain_ptm": [
        0.9396836757659912,
        0.533782958984375,
        0.0
    ],
    "chain_iptm": [
        0.9298343658447266,
        0.7256911993026733,
        0.6527150273323059
    ],
    "chain_pair_iptm": [
        [
            0.0,
            0.915286660194397,
            0.9589298963546753
        ],
        [
            0.915286660194397,
            0.0,
            0.3465001583099365
        ],
        [
            0.9589298963546753,
            0.3465001583099365,
            0.0
        ]
    ],
    "chain_pair_iptm_global": [
        [
            0.0,
            0.7256911993026733,
            0.6527150273323059
        ],
        [
            0.7256911993026733,
            0.0,
            0.7256911993026733
        ],
        [
            0.6527150273323059,
            0.6527150273323059,
            0.0
        ]
    ],
    "chain_plddt": [
        0.9034379124641418,
        0.7144594788551331,
        0.9054769277572632
    ],
    "chain_pair_plddt": [
        [
            0.0,
            0.9025576114654541,
            0.903438150882721
        ],
        [
            0.9025576114654541,
            0.0,
            0.7202479243278503
        ],
        [
            0.903438150882721,
            0.7202479243278503,
            0.0
        ]
    ],
    "has_clash": false,
    "disorder": 0.0,
    "ranking_score": 0.920752763748169,
    "num_recycles": 10
}