{
    "plddt": 91.61708068847656,
    "gpde": 0.38006868958473206,
    "ptm": 0.9528821110725403,
    "iptm": 0.9903482794761658,
    "chain_gpde": [
        0.3946223855018616,
        0.348466157913208
    ],
    "chain_pair_gpde": [
        [
            0.0,
            0.324232280254364
        ],
        [
            0.324232280254364,
            0.0
        ]
    ],
    "chain_ptm": [
        0.9476597309112549,
        0.7862451076507568
    ],
    "chain_iptm": [
        0.9903482794761658,
        0.9903482794761658
    ],
    "chain_pair_iptm": [
        [
            0.0,
            0.9903482794761658
        ],
        [
            0.9903482794761658,
            0.0
        ]
    ],
    "chain_pair_iptm_global": [
        [
            0.0,
            0.9903482794761658
        ],
        [
            0.9903482794761658,
            0.0
        ]
    ],
    "chain_plddt": [
        0.9156895279884338,
        0.9602445363998413
    ],
    "chain_pair_plddt": [
        [
            0.0,
            0.9161707758903503
        ],
        [
            0.9161707758903503,
            0.0
        ]
    ],
    "has_clash": false,
    "disorder": 0.0,
    "ranking_score": 0.9828550815582275,
    "num_recycles": 10
}