{
    "plddt": 94.90259552001953,
    "gpde": 0.419646292924881,
    "ptm": 0.9570094347000122,
    "iptm": 0.947623074054718,
    "chain_gpde": [
        0.3274844288825989,
        0.32607999444007874,
        0.8006033897399902
    ],
    "chain_pair_gpde": [
        [
            0.0,
            0.35310909152030945,
            4.59938907623291
        ],
        [
            0.35310909152030945,
            0.0,
            4.461439609527588
        ],
        [
            4.59938907623291,
            4.461439609527588,
            0.0
        ]
    ],
    "chain_ptm": [
        0.9513823390007019,
        0.9527394771575928,
        0.13219709694385529
    ],
    "chain_iptm": [
        0.8231043815612793,
        0.8482314348220825,
        0.7141013741493225
    ],
    "chain_pair_iptm": [
        [
            0.0,
            0.9572344422340393,
            0.6889743804931641
        ],
        [
            0.9572344422340393,
            0.0,
            0.739228367805481
        ],
        [
            0.6889743804931641,
            0.739228367805481,
            0.0
        ]
    ],
    "chain_pair_iptm_global": [
        [
            0.0,
            0.8356679081916809,
            0.7141013741493225
        ],
        [
            0.8356679081916809,
            0.0,
            0.7141013741493225
        ],
        [
            0.7141013741493225,
            0.7141013741493225,
            0.0
        ]
    ],
    "chain_plddt": [
        0.9495242834091187,
        0.950712263584137,
        0.4930206537246704
    ],
    "chain_pair_plddt": [
        [
            0.0,
            0.9501183032989502,
            0.9473475813865662
        ],
        [
            0.9501183032989502,
            0.0,
            0.9485299587249756
        ],
        [
            0.9473475813865662,
            0.9485299587249756,
            0.0
        ]
    ],
    "has_clash": false,
    "disorder": 0.0,
    "ranking_score": 0.9495003819465637,
    "num_recycles": 10
}