{
    "plddt": 32.210506439208984,
    "gpde": 3.4655327796936035,
    "ptm": 0.2481374591588974,
    "iptm": 0.24985752999782562,
    "chain_gpde": [
        3.3925583362579346,
        0.6779221892356873
    ],
    "chain_pair_gpde": [
        [
            0.0,
            8.09957504272461
        ],
        [
            8.09957504272461,
            0.0
        ]
    ],
    "chain_ptm": [
        0.24166294932365417,
        0.5941793918609619
    ],
    "chain_iptm": [
        0.24985752999782562,
        0.24985752999782562
    ],
    "chain_pair_iptm": [
        [
            0.0,
            0.24985752999782562
        ],
        [
            0.24985752999782562,
            0.0
        ]
    ],
    "chain_pair_iptm_global": [
        [
            0.0,
            0.24985752999782562
        ],
        [
            0.24985752999782562,
            0.0
        ]
    ],
    "chain_plddt": [
        0.3234226405620575,
        0.23166395723819733
    ],
    "chain_pair_plddt": [
        [
            0.0,
            0.3221050500869751
        ],
        [
            0.3221050500869751,
            0.0
        ]
    ],
    "has_clash": false,
    "disorder": 0.0,
    "ranking_score": 0.24951352179050446,
    "num_recycles": 10
}