{
    "plddt": 95.40406799316406,
    "gpde": 0.4916306734085083,
    "ptm": 0.9597539901733398,
    "iptm": 0.9492647051811218,
    "chain_gpde": [
        0.31999698281288147,
        0.3187941610813141,
        0.7748976349830627,
        0.4551270008087158
    ],
    "chain_pair_gpde": [
        [
            0.0,
            0.33951741456985474,
            6.066849231719971,
            1.6563115119934082
        ],
        [
            0.33951741456985474,
            0.0,
            6.049831867218018,
            0.875724196434021
        ],
        [
            6.066849231719971,
            6.049831867218018,
            0.0,
            6.013235092163086
        ],
        [
            1.6563115119934082,
            0.875724196434021,
            6.013235092163086,
            0.0
        ]
    ],
    "chain_ptm": [
        0.9585440158843994,
        0.9593930244445801,
        0.18273243308067322,
        0.8841633200645447
    ],
    "chain_iptm": [
        0.8388256430625916,
        0.8397296667098999,
        0.47141167521476746,
        0.6885824203491211
    ],
    "chain_pair_iptm": [
        [
            0.0,
            0.9620595574378967,
            0.6375811100006104,
            0.9168362617492676
        ],
        [
            0.9620595574378967,
            0.0,
            0.5924359560012817,
            0.9646931290626526
        ],
        [
            0.6375811100006104,
            0.5924359560012817,
            0.0,
            0.18421800434589386
        ],
        [
            0.9168362617492676,
            0.9646931290626526,
            0.18421800434589386,
            0.0
        ]
    ],
    "chain_pair_iptm_global": [
        [
            0.0,
            0.8392776250839233,
            0.47141167521476746,
            0.6885824203491211
        ],
        [
            0.8392776250839233,
            0.0,
            0.47141167521476746,
            0.6885824203491211
        ],
        [
            0.47141167521476746,
            0.47141167521476746,
            0.0,
            0.47141167521476746
        ],
        [
            0.6885824203491211,
            0.6885824203491211,
            0.6885824203491211,
            0.0
        ]
    ],
    "chain_plddt": [
        0.9551278352737427,
        0.9555881023406982,
        0.34935545921325684,
        0.9383987188339233
    ],
    "chain_pair_plddt": [
        [
            0.0,
            0.9553579688072205,
            0.95271897315979,
            0.9548951983451843
        ],
        [
            0.9553579688072205,
            0.0,
            0.9531774520874023,
            0.9553490281105042
        ],
        [
            0.95271897315979,
            0.9531774520874023,
            0.0,
            0.8084626793861389
        ],
        [
            0.9548951983451843,
            0.9553490281105042,
            0.8084626793861389,
            0.0
        ]
    ],
    "has_clash": false,
    "disorder": 0.0,
    "ranking_score": 0.9513625502586365,
    "num_recycles": 10
}