{
    "plddt": 30.540102005004883,
    "gpde": 4.401226997375488,
    "ptm": 0.20291802287101746,
    "iptm": 0.20243772864341736,
    "chain_gpde": [
        4.216285705566406,
        0.7389596104621887
    ],
    "chain_pair_gpde": [
        [
            0.0,
            10.912908554077148
        ],
        [
            10.912908554077148,
            0.0
        ]
    ],
    "chain_ptm": [
        0.20075438916683197,
        0.33555784821510315
    ],
    "chain_iptm": [
        0.20243772864341736,
        0.20243772864341736
    ],
    "chain_pair_iptm": [
        [
            0.0,
            0.20243772864341736
        ],
        [
            0.20243772864341736,
            0.0
        ]
    ],
    "chain_pair_iptm_global": [
        [
            0.0,
            0.20243772864341736
        ],
        [
            0.20243772864341736,
            0.0
        ]
    ],
    "chain_plddt": [
        0.3060540556907654,
        0.20562195777893066
    ],
    "chain_pair_plddt": [
        [
            0.0,
            0.3054010272026062
        ],
        [
            0.3054010272026062,
            0.0
        ]
    ],
    "has_clash": false,
    "disorder": 0.0,
    "ranking_score": 0.2025337964296341,
    "num_recycles": 10
}