{
    "plddt": 90.4053726196289,
    "gpde": 0.5385819673538208,
    "ptm": 0.9429335594177246,
    "iptm": 0.9270699620246887,
    "chain_gpde": [
        0.4528072774410248,
        0.6280356645584106,
        0.6542697548866272
    ],
    "chain_pair_gpde": [
        [
            0.0,
            1.897795557975769,
            2.0277881622314453
        ],
        [
            1.897795557975769,
            0.0,
            3.2949249744415283
        ],
        [
            2.0277881622314453,
            3.2949249744415283,
            0.0
        ]
    ],
    "chain_ptm": [
        0.9428971409797668,
        0.5507326126098633,
        0.0
    ],
    "chain_iptm": [
        0.938494861125946,
        0.6772670745849609,
        0.5707076787948608
    ],
    "chain_pair_iptm": [
        [
            0.0,
            0.9264676570892334,
            0.9625493288040161
        ],
        [
            0.9264676570892334,
            0.0,
            0.17886602878570557
        ],
        [
            0.9625493288040161,
            0.17886602878570557,
            0.0
        ]
    ],
    "chain_pair_iptm_global": [
        [
            0.0,
            0.6772670745849609,
            0.5707076787948608
        ],
        [
            0.6772670745849609,
            0.0,
            0.6772670745849609
        ],
        [
            0.5707076787948608,
            0.5707076787948608,
            0.0
        ]
    ],
    "chain_plddt": [
        0.9050241112709045,
        0.70268315076828,
        0.9140413999557495
    ],
    "chain_pair_plddt": [
        [
            0.0,
            0.9040523171424866,
            0.9050253629684448
        ],
        [
            0.9040523171424866,
            0.0,
            0.7088995575904846
        ],
        [
            0.9050253629684448,
            0.7088995575904846,
            0.0
        ]
    ],
    "has_clash": false,
    "disorder": 0.0,
    "ranking_score": 0.9302427172660828,
    "num_recycles": 10
}